{"cameraMode":{"drawMode":0,"name":"Shaded","section":"Shading Mode"},"sceneLighting":true,"audioPlay":false,"sceneViewState":{"showFog":true,"showMaterialUpdate":true,"showSkybox":true,"showFlares":true,"showImageEffects":true,"showParticleSystems":true},"in2DMode":false,"pivot":{"x":-9.252416610717774,"y":5.545619010925293,"z":-7.908257961273193},"rotation":{"x":-0.25532376766204836,"y":-0.388125479221344,"z":0.1128268763422966,"w":-0.8783157467842102},"size":1.4335644245147706,"orthographic":false}