{"cameraMode":{"drawMode":0,"name":"Shaded","section":"Shading Mode"},"sceneLighting":false,"audioPlay":false,"sceneViewState":{"showFog":true,"showMaterialUpdate":false,"showSkybox":true,"showFlares":true,"showImageEffects":true,"showParticleSystems":true},"in2DMode":false,"pivot":{"x":1.6124732494354249,"y":-1.1421138048171998,"z":-2.1855437755584719},"rotation":{"x":-0.19283883273601533,"y":0.7072205543518066,"z":-0.2108973115682602,"w":-0.6466642022132874},"size":4.703330039978027,"orthographic":false}