{"cameraMode":{"drawMode":0,"name":"Shaded","section":"Shading Mode"},"sceneLighting":true,"audioPlay":false,"sceneViewState":{"showFog":true,"showMaterialUpdate":true,"showSkybox":true,"showFlares":true,"showImageEffects":true,"showParticleSystems":true},"in2DMode":false,"pivot":{"x":4.966662406921387,"y":-5.280068397521973,"z":5.340201377868652},"rotation":{"x":-0.19369351863861085,"y":-0.37094825506210329,"z":0.07941394299268723,"w":-0.904750645160675},"size":16.996810913085939,"orthographic":false}