{"cameraMode":{"drawMode":0,"name":"Shaded","section":"Shading Mode"},"sceneLighting":true,"audioPlay":false,"sceneViewState":{"showFog":true,"showMaterialUpdate":true,"showSkybox":true,"showFlares":true,"showImageEffects":true,"showParticleSystems":true},"in2DMode":false,"pivot":{"x":-7.141034126281738,"y":2.5601301193237306,"z":-7.762517929077148},"rotation":{"x":-0.22187088429927827,"y":-0.23056495189666749,"z":0.05408267676830292,"w":-0.9458795785903931},"size":1.4335644245147706,"orthographic":false}