{"cameraMode":{"drawMode":0,"name":"Shaded","section":"Shading Mode"},"sceneLighting":false,"audioPlay":false,"sceneViewState":{"showFog":true,"showMaterialUpdate":false,"showSkybox":true,"showFlares":true,"showImageEffects":true,"showParticleSystems":true},"in2DMode":false,"pivot":{"x":1.8135313987731934,"y":-0.7405575513839722,"z":-0.9564123153686523},"rotation":{"x":-0.20068344473838807,"y":0.5221588015556336,"z":-0.12795251607894898,"w":-0.8189655542373657},"size":8.478188514709473,"orthographic":false}