{"cameraMode":{"drawMode":0,"name":"Shaded","section":"Shading Mode"},"sceneLighting":false,"audioPlay":false,"sceneViewState":{"showFog":true,"showMaterialUpdate":true,"showSkybox":true,"showFlares":true,"showImageEffects":true,"showParticleSystems":true},"in2DMode":false,"pivot":{"x":0.34178927540779116,"y":0.26896125078201296,"z":0.05303829908370972},"rotation":{"x":0.026350602507591249,"y":0.948377788066864,"z":-0.305259644985199,"w":0.08186458796262741},"size":0.7522396445274353,"orthographic":false}